ticker,date,value,ccy,source
ALRS,2014-07-18,1.47,RUB,iss_history
ALRS,2015-07-15,1.47,RUB,iss_history
ALRS,2016-07-19,2.09,RUB,iss_history
ALRS,2017-07-20,8.93,RUB,iss_history
ALRS,2018-07-14,5.24,RUB,iss_history
ALRS,2018-10-15,5.93,RUB,iss_history
ALRS,2019-07-15,4.11,RUB,iss_history
ALRS,2019-10-14,3.84,RUB,iss_history
ALRS,2020-07-13,2.63,RUB,iss_history
ALRS,2021-07-04,9.54,RUB,iss_history
ALRS,2021-10-19,8.79,RUB,iss_history
ALRS,2023-10-18,3.77,RUB,iss_history
ALRS,2024-05-31,2.02,RUB,iss_history
ALRS,2024-10-19,2.49,RUB,iss_history
CHMF,2013-08-12,2.03,RUB,iss_history
CHMF,2013-10-31,2.01,RUB,iss_history
CHMF,2014-06-23,2.43,RUB,iss_history
CHMF,2014-09-22,2.14,RUB,iss_history
CHMF,2014-11-25,54.46,RUB,iss_history
CHMF,2015-06-05,12.81,RUB,iss_history
CHMF,2015-09-28,12.63,RUB,iss_history
CHMF,2015-12-21,13.17,RUB,iss_history
CHMF,2016-07-05,8.25,RUB,iss_history
CHMF,2016-09-02,19.66,RUB,iss_history
CHMF,2016-09-16,19.66,RUB,iss_history
CHMF,2016-12-13,24.96,RUB,iss_history
CHMF,2017-06-20,24.44,RUB,iss_history
CHMF,2017-09-26,22.28,RUB,iss_history
CHMF,2017-12-05,35.61,RUB,iss_history
CHMF,2018-06-19,38.32,RUB,iss_history
CHMF,2018-09-25,45.94,RUB,iss_history
CHMF,2018-12-04,44.39,RUB,iss_history
CHMF,2019-05-07,32.08,RUB,iss_history
CHMF,2019-06-18,35.43,RUB,iss_history
CHMF,2019-09-17,26.72,RUB,iss_history
CHMF,2019-12-03,27.47,RUB,iss_history
CHMF,2020-06-16,26.26,RUB,iss_history
CHMF,2020-09-08,15.44,RUB,iss_history
CHMF,2020-12-08,37.34,RUB,iss_history
CHMF,2021-06-01,36.27,RUB,iss_history
CHMF,2021-09-02,84.45,RUB,iss_history
CHMF,2021-12-14,85.93,RUB,iss_history
CHMF,2022-05-31,109.81,RUB,iss_history
CHMF,2024-06-18,191.51,RUB,iss_history
CHMF,2024-09-10,31.06,RUB,iss_history
CHMF,2024-12-17,49.06,RUB,iss_history
GAZP,2014-07-17,7.2,RUB,iss_history
GAZP,2015-07-16,7.2,RUB,iss_history
GAZP,2016-07-20,7.89,RUB,iss_history
GAZP,2017-07-20,8.04,RUB,iss_history
GAZP,2018-07-19,8.04,RUB,iss_history
GAZP,2019-07-18,16.61,RUB,iss_history
GAZP,2020-07-16,15.24,RUB,iss_history
GAZP,2021-07-15,12.55,RUB,iss_history
GAZP,2022-07-20,52.53,RUB,iss_history
GAZP,2022-10-11,51.03,RUB,iss_history
GMKN,2013-11-01,220.7,RUB,iss_history
GMKN,2014-06-17,248.48,RUB,iss_history
GMKN,2014-12-22,762.34,RUB,iss_history
GMKN,2015-05-25,670.04,RUB,iss_history
GMKN,2015-09-25,305.07,RUB,iss_history
GMKN,2015-12-30,321.95,RUB,iss_history
GMKN,2016-06-21,230.14,RUB,iss_history
GMKN,2016-12-28,444.25,RUB,iss_history
GMKN,2017-06-23,446.1,RUB,iss_history
GMKN,2017-10-19,224.2,RUB,iss_history
GMKN,2018-07-17,607.98,RUB,iss_history
GMKN,2018-10-01,776.02,RUB,iss_history
GMKN,2019-06-21,792.52,RUB,iss_history
GMKN,2019-10-07,883.93,RUB,iss_history
GMKN,2019-12-27,604.09,RUB,iss_history
GMKN,2020-05-25,557.2,RUB,iss_history
GMKN,2020-12-24,623.35,RUB,iss_history
GMKN,2021-06-01,1021.22,RUB,iss_history
GMKN,2022-01-14,1523.17,RUB,iss_history
GMKN,2022-06-14,1166.22,RUB,iss_history
GMKN,2023-12-26,915.33,RUB,iss_history
LKOH,2013-08-15,50.0,RUB,iss_history
LKOH,2014-07-15,60.0,RUB,iss_history
LKOH,2014-12-26,60.0,RUB,iss_history
LKOH,2015-04-28,94.0,RUB,iss_history
LKOH,2015-07-14,94.0,RUB,iss_history
LKOH,2015-07-17,94.0,RUB,iss_history
LKOH,2015-12-24,65.0,RUB,iss_history
LKOH,2016-07-12,112.0,RUB,iss_history
LKOH,2016-12-23,75.0,RUB,iss_history
LKOH,2017-07-10,120.0,RUB,iss_history
LKOH,2017-12-22,85.0,RUB,iss_history
LKOH,2018-07-11,130.0,RUB,iss_history
LKOH,2018-12-21,95.0,RUB,iss_history
LKOH,2019-07-09,155.0,RUB,iss_history
LKOH,2019-12-20,192.0,RUB,iss_history
LKOH,2020-07-10,350.0,RUB,iss_history
LKOH,2020-12-18,46.0,RUB,iss_history
LKOH,2021-07-05,213.0,RUB,iss_history
LKOH,2021-12-21,340.0,RUB,iss_history
LKOH,2022-12-21,537.0,RUB,iss_history
LKOH,2023-06-05,438.0,RUB,iss_history
LKOH,2023-12-17,447.0,RUB,iss_history
LKOH,2024-05-07,498.0,RUB,iss_history
LKOH,2024-12-17,514.0,RUB,iss_history
LKOH,2025-06-03,541.0,RUB,iss_history
MAGN,2014-12-23,0.58,RUB,iss_history
MAGN,2015-10-09,0.58,RUB,iss_history
MAGN,2016-06-07,0.31,RUB,iss_history
MAGN,2016-10-11,0.72,RUB,iss_history
MAGN,2017-06-06,1.24,RUB,iss_history
MAGN,2017-10-10,0.87,RUB,iss_history
MAGN,2017-12-19,1.11,RUB,iss_history
MAGN,2018-06-13,0.81,RUB,iss_history
MAGN,2018-06-25,0.8,RUB,iss_history
MAGN,2018-10-09,1.589,RUB,iss_history
MAGN,2018-12-18,2.114,RUB,iss_history
MAGN,2019-06-11,1.398,RUB,iss_history
MAGN,2019-06-20,1.488,RUB,iss_history
MAGN,2019-10-15,0.69,RUB,iss_history
MAGN,2020-01-15,1.65,RUB,iss_history
MAGN,2020-06-17,1.507,RUB,iss_history
MAGN,2020-09-23,0.607,RUB,iss_history
MAGN,2021-01-14,2.391,RUB,iss_history
MAGN,2021-06-17,0.945,RUB,iss_history
MAGN,2021-09-27,3.53,RUB,iss_history
MAGN,2022-01-13,2.663,RUB,iss_history
MAGN,2024-06-10,2.752,RUB,iss_history
MAGN,2024-10-17,2.494,RUB,iss_history
MGNT,2013-08-09,46.06,RUB,iss_history
MGNT,2014-06-13,89.15,RUB,iss_history
MGNT,2014-10-10,78.3,RUB,iss_history
MGNT,2014-10-29,152.07,RUB,iss_history
MGNT,2014-12-30,152.07,RUB,iss_history
MGNT,2015-06-19,132.57,RUB,iss_history
MGNT,2015-10-09,88.4,RUB,iss_history
MGNT,2016-01-08,179.77,RUB,iss_history
MGNT,2016-06-17,42.3,RUB,iss_history
MGNT,2016-09-23,84.6,RUB,iss_history
MGNT,2016-12-23,126.12,RUB,iss_history
MGNT,2017-06-23,67.41,RUB,iss_history
MGNT,2017-09-15,115.51,RUB,iss_history
MGNT,2018-07-06,135.5,RUB,iss_history
MGNT,2018-12-21,137.38,RUB,iss_history
MGNT,2019-06-14,166.78,RUB,iss_history
MGNT,2020-01-10,147.19,RUB,iss_history
MGNT,2020-06-19,157.0,RUB,iss_history
MGNT,2021-01-08,245.31,RUB,iss_history
MGNT,2021-06-25,245.31,RUB,iss_history
MGNT,2021-12-31,294.37,RUB,iss_history
MGNT,2024-01-11,412.13,RUB,iss_history
MGNT,2024-07-15,412.13,RUB,iss_history
MGNT,2025-01-09,560.0,RUB,iss_history
MOEX,2014-07-11,2.38,RUB,iss_backfill_2026-06-26
MOEX,2015-05-12,3.87,RUB,iss_backfill_2026-06-26
MOEX,2016-05-16,7.11,RUB,iss_backfill_2026-06-26
MOEX,2017-05-16,7.68,RUB,iss_backfill_2026-06-26
MOEX,2017-09-29,2.49,RUB,iss_backfill_2026-06-26
MOEX,2018-05-15,5.47,RUB,iss_backfill_2026-06-26
MOEX,2019-05-14,7.7,RUB,iss_backfill_2026-06-26
MOEX,2020-05-15,7.93,RUB,iss_backfill_2026-06-26
MOEX,2021-05-14,9.45,RUB,iss_backfill_2026-06-26
MOEX,2023-05-12,4.84,RUB,iss_backfill_2026-06-26
MOEX,2023-06-16,4.84,RUB,iss_backfill_2026-06-26
MOEX,2024-06-14,17.35,RUB,iss_backfill_2026-06-26
MOEX,2025-07-10,26.11,RUB,iss_backfill_2026-06-26
MTSS,2018-07-09,23.4,RUB,iss_history
MTSS,2018-10-09,2.6,RUB,iss_history
MTSS,2019-07-09,19.98,RUB,iss_history
MTSS,2019-10-14,8.68,RUB,iss_history
MTSS,2020-01-10,13.25,RUB,iss_history
MTSS,2020-07-09,20.57,RUB,iss_history
MTSS,2020-10-12,8.93,RUB,iss_history
MTSS,2021-07-08,26.51,RUB,iss_history
MTSS,2021-10-12,10.55,RUB,iss_history
MTSS,2022-07-12,33.85,RUB,iss_history
MTSS,2023-06-29,34.29,RUB,iss_history
MTSS,2024-07-16,35.0,RUB,iss_history
MTSS,2025-07-07,35.0,RUB,iss_history
NLMK,2014-06-17,0.67,RUB,iss_history
NLMK,2014-10-11,0.88,RUB,iss_history
NLMK,2015-06-16,1.64,RUB,iss_history
NLMK,2015-10-12,0.93,RUB,iss_history
NLMK,2016-01-08,1.95,RUB,iss_history
NLMK,2016-06-14,1.13,RUB,iss_history
NLMK,2016-10-12,1.08,RUB,iss_history
NLMK,2017-01-09,3.63,RUB,iss_history
NLMK,2017-06-14,2.35,RUB,iss_history
NLMK,2017-10-12,3.2,RUB,iss_history
NLMK,2018-01-09,5.13,RUB,iss_history
NLMK,2018-06-20,5.73,RUB,iss_history
NLMK,2018-10-12,5.24,RUB,iss_history
NLMK,2019-01-09,6.04,RUB,iss_history
NLMK,2019-05-06,5.8,RUB,iss_history
NLMK,2019-06-19,7.34,RUB,iss_history
NLMK,2019-10-10,3.68,RUB,iss_history
NLMK,2020-01-09,3.22,RUB,iss_history
NLMK,2020-05-06,5.16,RUB,iss_history
NLMK,2020-06-09,3.12,RUB,iss_history
NLMK,2020-07-13,3.21,RUB,iss_history
NLMK,2020-10-12,4.75,RUB,iss_history
NLMK,2020-12-29,6.43,RUB,iss_history
NLMK,2021-05-11,7.25,RUB,iss_history
NLMK,2021-06-23,7.71,RUB,iss_history
NLMK,2021-09-07,13.62,RUB,iss_history
NLMK,2021-12-07,13.33,RUB,iss_history
NLMK,2023-01-11,2.6,RUB,iss_history
NLMK,2024-05-27,25.43,RUB,iss_history
NVTK,2018-10-10,9.25,RUB,iss_history
NVTK,2019-05-06,16.81,RUB,iss_history
NVTK,2019-10-10,14.23,RUB,iss_history
NVTK,2020-05-08,18.1,RUB,iss_history
NVTK,2020-10-12,11.82,RUB,iss_history
NVTK,2021-05-07,23.74,RUB,iss_history
NVTK,2021-10-11,27.67,RUB,iss_history
NVTK,2022-05-05,43.77,RUB,iss_history
NVTK,2022-10-09,45.0,RUB,iss_history
NVTK,2023-05-03,60.58,RUB,iss_history
NVTK,2023-10-10,34.5,RUB,iss_history
NVTK,2024-03-26,44.09,RUB,iss_history
NVTK,2024-10-11,35.5,RUB,iss_history
NVTK,2025-04-28,46.65,RUB,iss_history
PHOR,2013-09-06,15.45,RUB,iss_backfill_2026-06-26
PHOR,2014-06-24,19.3,RUB,iss_backfill_2026-06-26
PHOR,2014-09-29,25.0,RUB,iss_backfill_2026-06-26
PHOR,2015-01-11,20.0,RUB,iss_backfill_2026-06-26
PHOR,2015-05-27,48.0,RUB,iss_backfill_2026-06-26
PHOR,2015-06-19,15.0,RUB,iss_backfill_2026-06-26
PHOR,2015-10-17,57.0,RUB,iss_backfill_2026-06-26
PHOR,2016-01-26,63.0,RUB,iss_backfill_2026-06-26
PHOR,2016-06-11,57.0,RUB,iss_backfill_2026-06-26
PHOR,2016-08-10,63.0,RUB,iss_backfill_2026-06-26
PHOR,2016-10-14,33.0,RUB,iss_backfill_2026-06-26
PHOR,2017-01-27,39.0,RUB,iss_backfill_2026-06-26
PHOR,2017-06-13,30.0,RUB,iss_backfill_2026-06-26
PHOR,2017-07-17,21.0,RUB,iss_backfill_2026-06-26
PHOR,2017-10-13,24.0,RUB,iss_backfill_2026-06-26
PHOR,2018-03-12,21.0,RUB,iss_backfill_2026-06-26
PHOR,2018-06-13,15.0,RUB,iss_backfill_2026-06-26
PHOR,2018-07-23,24.0,RUB,iss_backfill_2026-06-26
PHOR,2018-10-12,45.0,RUB,iss_backfill_2026-06-26
PHOR,2019-02-04,72.0,RUB,iss_backfill_2026-06-26
PHOR,2019-06-10,51.0,RUB,iss_backfill_2026-06-26
PHOR,2019-07-10,72.0,RUB,iss_backfill_2026-06-26
PHOR,2019-10-15,54.0,RUB,iss_backfill_2026-06-26
PHOR,2020-02-04,48.0,RUB,iss_backfill_2026-06-26
PHOR,2020-06-02,18.0,RUB,iss_backfill_2026-06-26
PHOR,2020-07-06,78.0,RUB,iss_backfill_2026-06-26
PHOR,2020-10-15,33.0,RUB,iss_backfill_2026-06-26
PHOR,2020-12-25,123.0,RUB,iss_backfill_2026-06-26
PHOR,2021-06-07,63.0,RUB,iss_backfill_2026-06-26
PHOR,2021-07-05,105.0,RUB,iss_backfill_2026-06-26
PHOR,2021-09-24,156.0,RUB,iss_backfill_2026-06-26
PHOR,2021-12-20,234.0,RUB,iss_backfill_2026-06-26
PHOR,2022-07-11,390.0,RUB,iss_backfill_2026-06-26
PHOR,2022-10-03,780.0,RUB,iss_backfill_2026-06-26
PHOR,2022-12-19,318.0,RUB,iss_backfill_2026-06-26
PHOR,2023-04-04,465.0,RUB,iss_backfill_2026-06-26
PHOR,2023-07-11,216.0,RUB,iss_backfill_2026-06-26
PHOR,2023-10-11,126.0,RUB,iss_backfill_2026-06-26
PHOR,2023-12-25,291.0,RUB,iss_backfill_2026-06-26
PHOR,2024-07-11,294.0,RUB,iss_backfill_2026-06-26
PHOR,2024-09-22,117.0,RUB,iss_backfill_2026-06-26
PHOR,2024-12-22,126.0,RUB,iss_backfill_2026-06-26
PHOR,2025-04-20,171.0,RUB,iss_backfill_2026-06-26
PHOR,2025-06-09,87.0,RUB,iss_backfill_2026-06-26
PHOR,2025-07-05,201.0,RUB,iss_backfill_2026-06-26
PLZL,2017-07-17,152.41,RUB,iss_history
PLZL,2017-09-25,104.3,RUB,iss_history
PLZL,2018-06-10,147.12,RUB,iss_history
PLZL,2018-10-18,131.11,RUB,iss_history
PLZL,2019-05-16,143.62,RUB,iss_history
PLZL,2019-10-10,162.98,RUB,iss_history
PLZL,2020-08-28,244.75,RUB,iss_history
PLZL,2020-10-20,240.18,RUB,iss_history
PLZL,2021-06-07,387.15,RUB,iss_history
PLZL,2021-10-11,267.48,RUB,iss_history
PLZL,2023-06-16,436.79,RUB,iss_history
PLZL,2024-12-13,1301.75,RUB,iss_history
PLZL,2025-04-25,73.0,RUB,iss_history
ROSN,2014-07-08,12.85,RUB,iss_history
ROSN,2015-06-29,8.21,RUB,iss_history
ROSN,2016-06-27,11.75,RUB,iss_history
ROSN,2017-07-03,5.98,RUB,iss_history
ROSN,2017-10-10,3.83,RUB,iss_history
ROSN,2018-07-02,6.65,RUB,iss_history
ROSN,2018-10-09,14.58,RUB,iss_history
ROSN,2019-06-17,11.33,RUB,iss_history
ROSN,2019-10-11,15.34,RUB,iss_history
ROSN,2020-06-15,18.07,RUB,iss_history
ROSN,2021-06-15,6.94,RUB,iss_history
ROSN,2021-10-11,18.03,RUB,iss_history
ROSN,2022-07-11,23.63,RUB,iss_history
ROSN,2023-01-12,20.39,RUB,iss_history
ROSN,2023-07-11,17.97,RUB,iss_history
ROSN,2024-01-11,30.77,RUB,iss_history
ROSN,2024-07-09,29.01,RUB,iss_history
ROSN,2025-01-10,36.47,RUB,iss_history
ROSN,2025-07-20,14.68,RUB,iss_history
SBER,2019-06-13,16.0,RUB,iss_history
SBER,2020-10-05,18.7,RUB,iss_history
SBER,2021-05-12,18.7,RUB,iss_history
SBER,2023-05-11,25.0,RUB,iss_history
SBER,2024-07-11,33.3,RUB,iss_history
SBER,2025-07-18,34.84,RUB,iss_history
SBERP,2019-06-13,16.0,RUB,iss_backfill_2026-06-26
SBERP,2020-10-05,18.7,RUB,iss_backfill_2026-06-26
SBERP,2021-05-12,18.7,RUB,iss_backfill_2026-06-26
SBERP,2023-05-11,25.0,RUB,iss_backfill_2026-06-26
SBERP,2024-07-11,33.3,RUB,iss_backfill_2026-06-26
SBERP,2025-07-18,34.84,RUB,iss_backfill_2026-06-26
SNGS,2014-07-16,0.6,RUB,iss_history
SNGS,2015-07-16,0.65,RUB,iss_history
SNGS,2016-07-18,0.6,RUB,iss_history
SNGS,2017-07-19,0.6,RUB,iss_history
SNGS,2018-07-19,0.65,RUB,iss_history
SNGS,2019-07-18,0.65,RUB,iss_history
SNGS,2020-07-20,0.65,RUB,iss_history
SNGS,2021-07-20,0.7,RUB,iss_history
SNGS,2022-07-20,0.8,RUB,iss_history
SNGS,2023-07-20,0.8,RUB,iss_history
SNGS,2024-07-18,0.85,RUB,iss_history
SNGS,2025-07-17,0.9,RUB,iss_history
SNGSP,2014-07-16,2.36,RUB,iss_backfill_2026-06-26
SNGSP,2015-07-16,8.21,RUB,iss_backfill_2026-06-26
SNGSP,2016-07-18,6.92,RUB,iss_backfill_2026-06-26
SNGSP,2017-07-19,0.6,RUB,iss_backfill_2026-06-26
SNGSP,2018-07-19,1.38,RUB,iss_backfill_2026-06-26
SNGSP,2019-07-18,7.62,RUB,iss_backfill_2026-06-26
SNGSP,2020-07-20,0.97,RUB,iss_backfill_2026-06-26
SNGSP,2021-07-20,6.72,RUB,iss_backfill_2026-06-26
SNGSP,2022-07-20,4.73,RUB,iss_backfill_2026-06-26
SNGSP,2023-07-20,0.8,RUB,iss_backfill_2026-06-26
SNGSP,2024-07-18,12.29,RUB,iss_backfill_2026-06-26
SNGSP,2025-07-17,8.5,RUB,iss_backfill_2026-06-26
TATN,2018-07-06,12.16,RUB,iss_history
TATN,2018-10-12,30.27,RUB,iss_history
TATN,2019-01-09,22.26,RUB,iss_history
TATN,2019-07-05,32.38,RUB,iss_history
TATN,2019-09-27,40.11,RUB,iss_history
TATN,2019-12-30,24.36,RUB,iss_history
TATN,2020-06-30,0.0,RUB,iss_history
TATN,2020-10-12,9.94,RUB,iss_history
TATN,2021-07-09,12.3,RUB,iss_history
TATN,2021-10-12,16.52,RUB,iss_history
TATN,2022-01-10,9.98,RUB,iss_history
TATN,2022-07-08,16.14,RUB,iss_history
TATN,2022-10-11,32.71,RUB,iss_history
TATN,2023-01-10,6.86,RUB,iss_history
TATN,2023-07-04,27.71,RUB,iss_history
TATN,2023-07-11,27.71,RUB,iss_history
TATN,2023-10-11,27.54,RUB,iss_history
TATN,2024-01-09,35.17,RUB,iss_history
TATN,2024-07-04,25.17,RUB,iss_history
TATN,2024-07-09,25.17,RUB,iss_history
TATN,2024-10-08,38.2,RUB,iss_history
TATN,2025-01-08,17.39,RUB,iss_history
TATN,2025-06-02,43.11,RUB,iss_history
VTBR,2014-07-01,0.0,RUB,iss_history
VTBR,2015-07-06,0.0,RUB,iss_history
VTBR,2016-07-04,0.0,RUB,iss_history
VTBR,2016-12-26,0.01,RUB,iss_history
VTBR,2017-05-10,0.0,RUB,iss_history
VTBR,2018-06-04,0.0,RUB,iss_history
VTBR,2019-06-24,0.0010986776146325,RUB,iss_history
VTBR,2020-10-05,0.0007734533756113,RUB,iss_history
VTBR,2021-06-22,1.73965919370917e-05,RUB,iss_history
VTBR,2021-07-15,1.73965919370917e-05,RUB,iss_history
VTBR,2025-07-11,25.58,RUB,iss_history
