ticker,record_date,board_reco_date,agm_date,source_url,confidence,notes
SBER,2020-10-05,2020-08-21,2020-09-25,https://www.e-disclosure.ru/portal/company.aspx?id=3043,high,convoke 2020-08-21; board_sf 2020-08-21; agm 2020-09-25
SBER,2021-05-12,2021-03-19,2021-04-23,https://www.e-disclosure.ru/portal/company.aspx?id=3043,high,convoke 2021-03-19; board_sf 2021-03-19; agm 2021-04-23
SBER,2023-05-11,2023-03-17,,https://www.e-disclosure.ru/portal/company.aspx?id=3043,medium,convoke 2023-03-17; board_sf 2023-03-17
SBER,2024-07-11,2024-04-23,2024-06-21,https://www.e-disclosure.ru/portal/company.aspx?id=3043,high,convoke 2024-04-23; board_sf 2024-04-23; agm 2024-06-21
SBER,2025-07-18,2025-04-22,2025-06-30,https://www.e-disclosure.ru/portal/company.aspx?id=3043,high,convoke 2025-04-22; board_sf 2025-04-22; agm 2025-06-30
GAZP,2020-07-16,2020-05-21,2020-06-26,https://www.e-disclosure.ru/portal/company.aspx?id=934,high,convoke 2020-05-21; board_sf 2020-05-22; agm 2020-06-26
GAZP,2021-07-15,2021-05-20,2021-06-25,https://www.e-disclosure.ru/portal/company.aspx?id=934,high,convoke 2021-05-20; board_sf 2021-05-20; agm 2021-06-25
GAZP,2022-07-20,2022-05-26,2022-06-30,https://www.e-disclosure.ru/portal/company.aspx?id=934,high,convoke 2022-05-26; board_sf 2022-05-27; agm 2022-06-30
GAZP,2022-10-11,2022-08-30,2022-09-30,https://www.e-disclosure.ru/portal/company.aspx?id=934,high,convoke 2022-08-30; board_sf 2022-08-30; agm 2022-09-30
LKOH,2020-07-10,2020-05-18,2020-06-23,https://www.e-disclosure.ru/portal/company.aspx?id=17,high,convoke 2020-05-18; board_sf 2020-05-18; agm 2020-06-23
LKOH,2020-12-18,2020-10-15,2020-12-04,https://www.e-disclosure.ru/portal/company.aspx?id=17,high,convoke 2020-10-15; board_sf 2020-10-15; agm 2020-12-04
LKOH,2021-07-05,2021-04-21,2021-06-24,https://www.e-disclosure.ru/portal/company.aspx?id=17,high,convoke 2021-04-21; board_sf 2021-04-21; agm 2021-06-24
LKOH,2021-12-21,2021-10-13,2021-12-02,https://www.e-disclosure.ru/portal/company.aspx?id=17,high,convoke 2021-10-13; board_sf 2021-10-13; agm 2021-12-02
LKOH,2022-12-21,2022-09-23,2022-12-05,https://www.e-disclosure.ru/portal/company.aspx?id=17,high,convoke 2022-10-28; board_sf 2022-09-23; agm 2022-12-05
LKOH,2023-06-05,2023-04-20,2023-05-25,https://www.e-disclosure.ru/portal/company.aspx?id=17,high,convoke 2023-04-21; board_sf 2023-04-20; agm 2023-05-25
LKOH,2023-12-17,2023-10-26,2023-12-05,https://www.e-disclosure.ru/portal/company.aspx?id=17,high,convoke 2023-10-26; board_sf 2023-10-26; agm 2023-12-05
LKOH,2024-05-07,2024-03-22,2024-04-26,https://www.e-disclosure.ru/portal/company.aspx?id=17,high,convoke 2024-03-22; board_sf 2024-03-22; agm 2024-04-26
LKOH,2024-12-17,2024-10-25,2024-12-05,https://www.e-disclosure.ru/portal/company.aspx?id=17,high,convoke 2024-10-25; board_sf 2024-10-25; agm 2024-12-05
LKOH,2025-06-03,2025-03-25,2025-05-16,https://www.e-disclosure.ru/portal/company.aspx?id=17,high,convoke 2025-03-25; board_sf 2025-03-25; agm 2025-05-16
GMKN,2020-05-25,2020-04-07,2020-05-14,https://www.e-disclosure.ru/portal/company.aspx?id=564,high,convoke 2020-04-07; board_sf 2020-04-07; agm 2020-05-14
GMKN,2020-12-24,2020-11-03,2020-12-11,https://www.e-disclosure.ru/portal/company.aspx?id=564,high,convoke 2020-11-03; board_sf 2020-11-03; agm 2020-12-11
GMKN,2021-06-01,2021-04-09,2021-05-20,https://www.e-disclosure.ru/portal/company.aspx?id=564,high,convoke 2021-04-09; board_sf 2021-04-09; agm 2021-05-20
GMKN,2022-01-14,2021-11-22,2021-12-28,https://www.e-disclosure.ru/portal/company.aspx?id=564,high,convoke 2021-11-22; board_sf 2021-11-22; agm 2021-12-28
GMKN,2022-06-14,2022-04-29,2022-06-03,https://www.e-disclosure.ru/portal/company.aspx?id=564,high,convoke 2022-04-29; board_sf 2022-04-29; agm 2022-06-03
GMKN,2023-12-26,2023-11-03,2023-12-07,https://www.e-disclosure.ru/portal/company.aspx?id=564,high,convoke 2023-11-03; board_sf 2023-11-03; agm 2023-12-07
ROSN,2020-06-15,2020-04-23,2020-06-05,https://www.e-disclosure.ru/portal/company.aspx?id=6505,high,convoke 2020-04-23; board_sf 2020-04-23; agm 2020-06-05
ROSN,2021-06-15,2021-04-23,2021-06-02,https://www.e-disclosure.ru/portal/company.aspx?id=6505,high,convoke 2021-04-23; board_sf 2021-04-23; agm 2021-06-02
ROSN,2021-10-11,2021-08-24,2021-10-01,https://www.e-disclosure.ru/portal/company.aspx?id=6505,high,convoke 2021-08-24; board_sf 2021-08-24; agm 2021-10-01
ROSN,2022-07-11,2022-05-30,2022-06-30,https://www.e-disclosure.ru/portal/company.aspx?id=6505,high,div_reco_pr 2022-05-30; convoke 2022-05-30; agm 2022-06-30
ROSN,2023-01-12,2022-11-14,2022-12-26,https://www.e-disclosure.ru/portal/company.aspx?id=6505,high,convoke 2022-11-14; board_sf 2022-11-14; agm 2022-12-26
ROSN,2023-07-11,2023-05-30,2023-06-30,https://www.e-disclosure.ru/portal/company.aspx?id=6505,high,convoke 2023-05-30; board_sf 2023-05-30; agm 2023-06-30
ROSN,2024-01-11,2023-11-14,2023-12-27,https://www.e-disclosure.ru/portal/company.aspx?id=6505,high,convoke 2023-11-14; board_sf 2023-11-14; agm 2023-12-27
ROSN,2024-07-09,2024-05-27,2024-06-28,https://www.e-disclosure.ru/portal/company.aspx?id=6505,high,convoke 2024-05-27; board_sf 2024-05-27; agm 2024-06-28
ROSN,2025-01-10,2024-11-08,2024-12-26,https://www.e-disclosure.ru/portal/company.aspx?id=6505,high,convoke 2024-11-08; board_sf 2024-11-08; agm 2024-12-26
ROSN,2025-07-20,2025-04-25,2025-07-04,https://www.e-disclosure.ru/portal/company.aspx?id=6505,high,convoke 2025-04-25; board_sf 2025-04-25; agm 2025-07-04
NVTK,2020-05-08,2020-03-23,2020-04-27,https://www.e-disclosure.ru/portal/company.aspx?id=225,high,convoke 2020-03-23; board_sf 2020-03-23; agm 2020-04-27
NVTK,2020-10-12,2020-08-25,2020-10-01,https://www.e-disclosure.ru/portal/company.aspx?id=225,high,convoke 2020-08-25; board_sf 2020-08-25; agm 2020-10-01
NVTK,2021-05-07,2021-03-29,2021-04-23,https://www.e-disclosure.ru/portal/company.aspx?id=225,high,convoke 2021-03-29; board_sf 2021-03-29; agm 2021-04-23
NVTK,2021-10-11,2021-08-27,2021-10-01,https://www.e-disclosure.ru/portal/company.aspx?id=225,high,convoke 2021-08-27; board_sf 2021-08-27; agm 2021-10-01
NVTK,2022-05-05,2022-03-11,2022-04-21,https://www.e-disclosure.ru/portal/company.aspx?id=225,high,convoke 2022-03-18; board_sf 2022-03-11; agm 2022-04-21
NVTK,2022-10-09,2022-08-25,2022-09-29,https://www.e-disclosure.ru/portal/company.aspx?id=225,high,convoke 2022-08-25; board_sf 2022-08-25; agm 2022-09-29
NVTK,2023-05-03,2023-03-17,2023-04-24,https://www.e-disclosure.ru/portal/company.aspx?id=225,high,convoke 2023-03-17; board_sf 2023-03-17; agm 2023-04-24
NVTK,2023-10-10,2023-08-25,2023-10-02,https://www.e-disclosure.ru/portal/company.aspx?id=225,high,convoke 2023-08-25; board_sf 2023-08-25; agm 2023-10-02
NVTK,2024-03-26,2024-02-09,2024-03-19,https://www.e-disclosure.ru/portal/company.aspx?id=225,high,convoke 2024-02-09; board_sf 2024-02-09; agm 2024-03-19
NVTK,2024-10-11,2024-08-28,2024-10-02,https://www.e-disclosure.ru/portal/company.aspx?id=225,high,convoke 2024-08-28; board_sf 2024-08-28; agm 2024-10-02
NVTK,2025-04-28,2025-03-12,2025-04-21,https://www.e-disclosure.ru/portal/company.aspx?id=225,high,convoke 2025-03-12; board_sf 2025-03-12; agm 2025-04-21
TATN,2020-06-30,2020-05-25,2020-06-17,https://www.e-disclosure.ru/portal/company.aspx?id=118,medium,board_sf 2020-05-25; agm 2020-06-17
TATN,2020-10-12,2020-08-18,2020-09-30,https://www.e-disclosure.ru/portal/company.aspx?id=118,high,convoke 2020-08-18; board_sf 2020-08-18; agm 2020-09-30
TATN,2021-07-09,2021-04-28,2021-06-25,https://www.e-disclosure.ru/portal/company.aspx?id=118,high,convoke 2021-04-28; board_sf 2021-04-28; agm 2021-06-25
TATN,2021-10-12,2021-08-26,2021-09-30,https://www.e-disclosure.ru/portal/company.aspx?id=118,high,convoke 2021-08-26; board_sf 2021-08-26; agm 2021-09-30
TATN,2022-01-10,2021-11-23,2021-12-29,https://www.e-disclosure.ru/portal/company.aspx?id=118,high,convoke 2021-11-23; board_sf 2021-11-23; agm 2021-12-29
TATN,2022-07-08,2022-05-27,2022-06-24,https://www.e-disclosure.ru/portal/company.aspx?id=118,medium,board_sf 2022-05-27; agm 2022-06-24
TATN,2022-10-11,2022-08-16,2022-09-22,https://www.e-disclosure.ru/portal/company.aspx?id=118,high,convoke 2022-08-16; board_sf 2022-08-16; agm 2022-09-22
TATN,2023-01-10,2022-11-16,2022-12-27,https://www.e-disclosure.ru/portal/company.aspx?id=118,high,convoke 2022-11-16; board_sf 2022-11-16; agm 2022-12-27
TATN,2023-07-04,2023-04-27,2023-06-30,https://www.e-disclosure.ru/portal/company.aspx?id=118,high,convoke 2023-04-27; board_sf 2023-04-27; agm 2023-06-30
TATN,2023-07-11,2023-04-27,2023-06-30,https://www.e-disclosure.ru/portal/company.aspx?id=118,high,convoke 2023-04-27; board_sf 2023-04-27; agm 2023-06-30
TATN,2023-10-11,2023-08-15,2023-09-28,https://www.e-disclosure.ru/portal/company.aspx?id=118,high,convoke 2023-08-15; board_sf 2023-08-15; agm 2023-09-28
TATN,2024-01-09,2023-11-21,2023-12-28,https://www.e-disclosure.ru/portal/company.aspx?id=118,high,convoke 2023-11-21; board_sf 2023-11-21; agm 2023-12-28
TATN,2024-07-04,2024-04-23,2024-06-27,https://www.e-disclosure.ru/portal/company.aspx?id=118,high,convoke 2024-04-23; board_sf 2024-04-23; agm 2024-06-27
TATN,2024-07-09,2024-04-23,2024-06-27,https://www.e-disclosure.ru/portal/company.aspx?id=118,high,convoke 2024-04-23; board_sf 2024-04-23; agm 2024-06-27
TATN,2024-10-08,2024-08-14,2024-09-26,https://www.e-disclosure.ru/portal/company.aspx?id=118,high,convoke 2024-08-14; board_sf 2024-08-14; agm 2024-09-26
TATN,2025-01-08,2024-11-14,2024-12-26,https://www.e-disclosure.ru/portal/company.aspx?id=118,high,convoke 2024-11-14; board_sf 2024-11-14; agm 2024-12-26
TATN,2025-06-02,2025-04-10,2025-05-22,https://www.e-disclosure.ru/portal/company.aspx?id=118,high,convoke 2025-04-10; board_sf 2025-04-10; agm 2025-05-22
MGNT,2020-01-10,,,https://www.e-disclosure.ru/portal/company.aspx?id=7671,none,reco predates 2020-01-01 disclosure floor (record in early 2020)
MGNT,2020-06-19,2020-04-13,2020-06-08,https://www.e-disclosure.ru/portal/company.aspx?id=7671,high,convoke 2020-04-13; board_sf 2020-04-13; agm 2020-06-08
MGNT,2021-01-08,2020-11-18,2020-12-25,https://www.e-disclosure.ru/portal/company.aspx?id=7671,high,convoke 2020-11-18; board_sf 2020-11-18; agm 2020-12-25
MGNT,2021-06-25,2021-04-26,2021-06-11,https://www.e-disclosure.ru/portal/company.aspx?id=7671,high,convoke 2021-04-26; board_sf 2021-04-26; agm 2021-06-11
MGNT,2021-12-31,2021-11-10,2021-12-17,https://www.e-disclosure.ru/portal/company.aspx?id=7671,high,convoke 2021-11-10; board_sf 2021-11-10; agm 2021-12-17
MGNT,2024-01-11,2023-11-24,2023-12-29,https://www.e-disclosure.ru/portal/company.aspx?id=7671,high,convoke 2023-11-24; board_sf 2023-11-24; agm 2023-12-29
MGNT,2024-07-15,2024-05-15,2024-06-28,https://www.e-disclosure.ru/portal/company.aspx?id=7671,high,convoke 2024-05-21; board_sf 2024-05-15; agm 2024-06-28
MGNT,2025-01-09,2024-11-22,,https://www.e-disclosure.ru/portal/company.aspx?id=7671,medium,convoke 2024-11-22; board_sf 2024-11-29
MTSS,2020-01-10,,,https://www.e-disclosure.ru/portal/company.aspx?id=236,none,reco predates 2020-01-01 disclosure floor (record in early 2020)
MTSS,2020-07-09,2020-04-10,2020-06-25,https://www.e-disclosure.ru/portal/company.aspx?id=236,high,convoke 2020-04-10; board_sf 2020-04-10; agm 2020-06-25
MTSS,2020-10-12,2020-07-31,2020-10-01,https://www.e-disclosure.ru/portal/company.aspx?id=236,high,convoke 2020-07-31; board_sf 2020-07-31; agm 2020-10-01
MTSS,2021-07-08,2021-04-16,2021-06-23,https://www.e-disclosure.ru/portal/company.aspx?id=236,high,convoke 2021-04-16; board_sf 2021-04-16; agm 2021-06-23
MTSS,2021-10-12,2021-07-30,2021-09-30,https://www.e-disclosure.ru/portal/company.aspx?id=236,high,convoke 2021-07-30; board_sf 2021-07-30; agm 2021-09-30
MTSS,2022-07-12,2022-04-15,2022-06-22,https://www.e-disclosure.ru/portal/company.aspx?id=236,high,convoke 2022-04-15; board_sf 2022-04-15; agm 2022-06-22
MTSS,2023-06-29,2023-04-19,,https://www.e-disclosure.ru/portal/company.aspx?id=236,medium,convoke 2023-04-19; board_sf 2023-04-19
MTSS,2024-07-16,2024-04-24,2024-06-27,https://www.e-disclosure.ru/portal/company.aspx?id=236,high,convoke 2024-04-24; board_sf 2024-04-24; agm 2024-06-27
MTSS,2025-07-07,2025-04-16,2025-06-26,https://www.e-disclosure.ru/portal/company.aspx?id=236,high,convoke 2025-04-16; board_sf 2025-04-16; agm 2025-06-26
SNGS,2020-07-20,2020-04-23,2020-06-30,https://www.e-disclosure.ru/portal/company.aspx?id=312,high,convoke 2020-04-23; board_sf 2020-04-23; agm 2020-06-30
SNGS,2021-07-20,2021-04-22,2021-06-30,https://www.e-disclosure.ru/portal/company.aspx?id=312,high,convoke 2021-04-22; board_sf 2021-04-22; agm 2021-06-30
SNGS,2022-07-20,2022-05-19,2022-07-01,https://www.e-disclosure.ru/portal/company.aspx?id=312,high,convoke 2022-05-19; board_sf 2022-05-19; agm 2022-07-01
SNGS,2023-07-20,2023-04-25,2023-06-30,https://www.e-disclosure.ru/portal/company.aspx?id=312,high,convoke 2023-04-25; board_sf 2023-05-18; agm 2023-06-30
SNGS,2024-07-18,2024-04-23,2024-06-28,https://www.e-disclosure.ru/portal/company.aspx?id=312,high,convoke 2024-04-23; board_sf 2024-05-15; agm 2024-06-28
SNGS,2025-07-17,2025-04-25,2025-06-30,https://www.e-disclosure.ru/portal/company.aspx?id=312,high,convoke 2025-04-25; board_sf 2025-05-20; agm 2025-06-30
CHMF,2020-06-16,2020-04-23,2020-06-08,https://www.e-disclosure.ru/portal/company.aspx?id=30,high,convoke 2020-04-23; board_sf 2020-04-23; agm 2020-06-08
CHMF,2020-09-08,2020-07-23,2020-08-31,https://www.e-disclosure.ru/portal/company.aspx?id=30,high,convoke 2020-07-23; board_sf 2020-07-23; agm 2020-08-31
CHMF,2020-12-08,2020-10-22,2020-11-30,https://www.e-disclosure.ru/portal/company.aspx?id=30,high,convoke 2020-10-22; board_sf 2020-10-22; agm 2020-11-30
CHMF,2021-06-01,2021-04-16,2021-05-24,https://www.e-disclosure.ru/portal/company.aspx?id=30,high,convoke 2021-04-16; board_sf 2021-04-16; agm 2021-05-24
CHMF,2021-09-02,2021-07-16,2021-08-23,https://www.e-disclosure.ru/portal/company.aspx?id=30,high,convoke 2021-07-16; board_sf 2021-07-16; agm 2021-08-23
CHMF,2021-12-14,2021-10-18,2021-12-06,https://www.e-disclosure.ru/portal/company.aspx?id=30,high,convoke 2021-10-18; board_sf 2021-10-18; agm 2021-12-06
CHMF,2022-05-31,2022-04-15,2022-05-23,https://www.e-disclosure.ru/portal/company.aspx?id=30,high,convoke 2022-04-15; board_sf 2022-04-29; agm 2022-05-23
CHMF,2024-06-18,2024-05-02,2024-06-10,https://www.e-disclosure.ru/portal/company.aspx?id=30,high,convoke 2024-05-02; board_sf 2024-05-02; agm 2024-06-10
CHMF,2024-09-10,2024-07-22,2024-09-02,https://www.e-disclosure.ru/portal/company.aspx?id=30,high,convoke 2024-07-22; board_sf 2024-07-22; agm 2024-09-02
CHMF,2024-12-17,2024-10-21,2024-12-09,https://www.e-disclosure.ru/portal/company.aspx?id=30,high,convoke 2024-10-21; board_sf 2024-10-21; agm 2024-12-09
ALRS,2020-07-13,2020-05-14,2020-06-25,https://www.e-disclosure.ru/portal/company.aspx?id=199,high,convoke 2020-05-14; board_sf 2020-05-14; agm 2020-06-25
ALRS,2021-07-04,2021-04-28,2021-06-17,https://www.e-disclosure.ru/portal/company.aspx?id=199,high,convoke 2021-04-28; board_sf 2021-04-28; agm 2021-06-17
ALRS,2021-10-19,2021-08-30,2021-09-30,https://www.e-disclosure.ru/portal/company.aspx?id=199,high,convoke 2021-08-30; board_sf 2021-08-30; agm 2021-09-30
ALRS,2023-10-18,2023-08-29,2023-10-02,https://www.e-disclosure.ru/portal/company.aspx?id=199,high,convoke 2023-08-29; board_sf 2023-08-29; agm 2023-10-02
ALRS,2024-05-31,2024-04-16,2024-05-22,https://www.e-disclosure.ru/portal/company.aspx?id=199,high,convoke 2024-04-16; board_sf 2024-04-16; agm 2024-05-22
ALRS,2024-10-19,2024-08-27,2024-10-01,https://www.e-disclosure.ru/portal/company.aspx?id=199,high,convoke 2024-08-27; board_sf 2024-08-27; agm 2024-10-01
VTBR,2020-10-05,2020-08-21,2020-09-25,https://www.e-disclosure.ru/portal/company.aspx?id=1210,high,convoke 2020-08-21; board_sf 2020-08-21; agm 2020-09-25
VTBR,2021-06-22,2021-05-27,,https://www.e-disclosure.ru/portal/company.aspx?id=1210,medium,convoke 2021-05-27; board_sf 2021-05-27
VTBR,2021-07-15,2021-05-27,,https://www.e-disclosure.ru/portal/company.aspx?id=1210,medium,convoke 2021-05-27; board_sf 2021-05-27
VTBR,2025-07-11,2025-04-28,2025-07-01,https://www.e-disclosure.ru/portal/company.aspx?id=1210,high,convoke 2025-04-28; board_sf 2025-04-28; agm 2025-07-01
MAGN,2020-01-15,,,https://www.e-disclosure.ru/portal/company.aspx?id=9,none,reco predates 2020-01-01 disclosure floor (record in early 2020)
MAGN,2020-06-17,2020-04-28,2020-06-02,https://www.e-disclosure.ru/portal/company.aspx?id=9,high,convoke 2020-04-28; board_sf 2020-04-28; agm 2020-06-02
MAGN,2020-09-23,2020-07-29,2020-09-16,https://www.e-disclosure.ru/portal/company.aspx?id=9,high,convoke 2020-07-29; board_sf 2020-07-29; agm 2020-09-16
MAGN,2021-01-14,2020-10-22,2020-12-29,https://www.e-disclosure.ru/portal/company.aspx?id=9,high,convoke 2020-10-22; board_sf 2020-10-22; agm 2020-12-29
MAGN,2021-06-17,2021-04-27,2021-06-01,https://www.e-disclosure.ru/portal/company.aspx?id=9,high,convoke 2021-04-27; board_sf 2021-04-27; agm 2021-06-01
MAGN,2021-09-27,2021-07-22,2021-09-14,https://www.e-disclosure.ru/portal/company.aspx?id=9,high,convoke 2021-07-22; board_sf 2021-07-22; agm 2021-09-14
MAGN,2022-01-13,2021-10-25,2021-12-28,https://www.e-disclosure.ru/portal/company.aspx?id=9,high,convoke 2021-10-25; board_sf 2021-10-25; agm 2021-12-28
MAGN,2024-06-10,2024-04-27,2024-05-31,https://www.e-disclosure.ru/portal/company.aspx?id=9,high,convoke 2024-04-27; board_sf 2024-04-27; agm 2024-05-31
MAGN,2024-10-17,2024-07-25,2024-09-30,https://www.e-disclosure.ru/portal/company.aspx?id=9,high,convoke 2024-07-25; board_sf 2024-07-25; agm 2024-09-30
NLMK,2020-01-09,,,https://www.e-disclosure.ru/portal/company.aspx?id=2509,none,reco predates 2020-01-01 disclosure floor (record in early 2020)
NLMK,2020-05-06,2020-03-19,2020-04-24,https://www.e-disclosure.ru/portal/company.aspx?id=2509,high,convoke 2020-03-19; board_sf 2020-03-19; agm 2020-04-24
NLMK,2020-06-09,2020-04-30,2020-05-29,https://www.e-disclosure.ru/portal/company.aspx?id=2509,high,convoke 2020-04-30; board_sf 2020-04-30; agm 2020-05-29
NLMK,2020-07-13,2020-04-30,2020-06-30,https://www.e-disclosure.ru/portal/company.aspx?id=2509,high,convoke 2020-04-30; board_sf 2020-04-30; agm 2020-06-30
NLMK,2020-10-12,2020-07-23,2020-09-25,https://www.e-disclosure.ru/portal/company.aspx?id=2509,high,convoke 2020-07-23; board_sf 2020-07-23; agm 2020-09-25
NLMK,2020-12-29,2020-10-21,2020-12-18,https://www.e-disclosure.ru/portal/company.aspx?id=2509,high,convoke 2020-10-21; board_sf 2020-10-21; agm 2020-12-18
NLMK,2021-05-11,2021-03-22,2021-04-29,https://www.e-disclosure.ru/portal/company.aspx?id=2509,high,convoke 2021-03-22; board_sf 2021-03-22; agm 2021-04-29
NLMK,2021-06-23,2021-04-22,2021-06-11,https://www.e-disclosure.ru/portal/company.aspx?id=2509,high,convoke 2021-04-22; board_sf 2021-04-22; agm 2021-06-11
NLMK,2021-09-07,2021-07-22,2021-08-27,https://www.e-disclosure.ru/portal/company.aspx?id=2509,high,convoke 2021-07-22; board_sf 2021-07-22; agm 2021-08-27
NLMK,2021-12-07,2021-10-21,2021-11-26,https://www.e-disclosure.ru/portal/company.aspx?id=2509,high,convoke 2021-10-21; board_sf 2021-10-21; agm 2021-11-26
NLMK,2023-01-11,,2022-12-31,https://www.e-disclosure.ru/portal/company.aspx?id=2509,none,agm 2022-12-31; no board/AGM disclosure matched
NLMK,2024-05-27,2024-04-10,2024-05-14,https://www.e-disclosure.ru/portal/company.aspx?id=2509,high,convoke 2024-04-10; board_sf 2024-04-10; agm 2024-05-14
PLZL,2020-08-28,2020-07-15,2020-08-19,https://www.e-disclosure.ru/portal/company.aspx?id=7832,high,convoke 2020-07-15; board_sf 2020-07-15; agm 2020-08-19
PLZL,2020-10-20,2020-08-20,2020-10-01,https://www.e-disclosure.ru/portal/company.aspx?id=7832,high,convoke 2020-08-20; board_sf 2020-08-20; agm 2020-10-01
PLZL,2021-06-07,2021-04-22,2021-05-28,https://www.e-disclosure.ru/portal/company.aspx?id=7832,high,convoke 2021-04-22; board_sf 2021-04-22; agm 2021-05-28
PLZL,2021-10-11,2021-08-23,2021-09-30,https://www.e-disclosure.ru/portal/company.aspx?id=7832,high,convoke 2021-08-23; board_sf 2021-08-24; agm 2021-09-30
PLZL,2023-06-16,2023-04-28,,https://www.e-disclosure.ru/portal/company.aspx?id=7832,high,div_reco_pr 2023-05-11; convoke 2023-04-28; board_sf 2023-04-28
PLZL,2024-12-13,2024-10-23,2024-12-02,https://www.e-disclosure.ru/portal/company.aspx?id=7832,high,convoke 2024-10-23; board_sf 2024-10-23; agm 2024-12-02
PLZL,2025-04-25,2025-03-10,2025-04-15,https://www.e-disclosure.ru/portal/company.aspx?id=7832,high,convoke 2025-03-10; board_sf 2025-03-10; agm 2025-04-15
